food,cn_name,cn_food_id,energy_kj_per100g,energy_kcal,protein_g,fat_g,carb_g,fiber_g,sodium_mg,source,note
egg,蛋（鸡蛋，均值),978,599.0,143.2,13.3,8.8,2.8,,131.5,中国食物成分表(中国疾控中心营养与健康所),kcal 由 kJ÷4.184 换算；站点未印 kcal
pork_belly,猪肉(肥瘦)(均值),779,1634.0,390.5,13.2,37.0,2.4,,59.4,中国食物成分表(中国疾控中心营养与健康所),kcal 由 kJ÷4.184 换算；站点未印 kcal
pork_lean,猪肉(瘦),788,600.0,143.4,20.3,6.2,1.5,,57.5,中国食物成分表(中国疾控中心营养与健康所),kcal 由 kJ÷4.184 换算；站点未印 kcal
pork_rib,猪大排,791,1095.0,261.7,18.3,20.4,1.7,,44.5,中国食物成分表(中国疾控中心营养与健康所),kcal 由 kJ÷4.184 换算；站点未印 kcal
pork_fat,猪油(炼),1494,3689.0,881.7,,99.6,0.2,,,中国食物成分表(中国疾控中心营养与健康所),kcal 由 kJ÷4.184 换算；站点未印 kcal
chicken_breast,鸡胸脯肉,880,557.0,133.1,19.4,5.0,2.5,,34.4,中国食物成分表(中国疾控中心营养与健康所),kcal 由 kJ÷4.184 换算；站点未印 kcal
chicken_whole,鸡(均值),876,698.0,166.8,19.3,9.4,1.3,,63.3,中国食物成分表(中国疾控中心营养与健康所),kcal 由 kJ÷4.184 换算；站点未印 kcal
duck_meat,鸭(均值),891,996.0,238.0,15.5,19.7,0.2,,69.0,中国食物成分表(中国疾控中心营养与健康所),kcal 由 kJ÷4.184 换算；站点未印 kcal
beef_shank,牛肉(后腱),826,416.0,99.4,20.1,1.0,2.2,,85.3,中国食物成分表(中国疾控中心营养与健康所),kcal 由 kJ÷4.184 换算；站点未印 kcal
beef_offal,牛肚,834,306.0,73.1,14.5,1.6,,,60.6,中国食物成分表(中国疾控中心营养与健康所),kcal 由 kJ÷4.184 换算；站点未印 kcal
fish_bass,鲈鱼[鲈花],1050,442.0,105.6,18.6,3.4,,,144.1,中国食物成分表(中国疾控中心营养与健康所),kcal 由 kJ÷4.184 换算；站点未印 kcal
fish_grass_carp,草鱼[白鲩，草包鱼],1003,475.0,113.5,16.6,5.2,,,46.0,中国食物成分表(中国疾控中心营养与健康所),kcal 由 kJ÷4.184 换算；站点未印 kcal
fish_salmon,鲑鱼[大麻哈鱼],1052,581.0,138.9,17.2,7.8,0.0,,63.3,中国食物成分表(中国疾控中心营养与健康所),kcal 由 kJ÷4.184 换算；站点未印 kcal
sea_cucumber,海参,1123,330.0,78.9,16.5,0.2,2.5,,502.9,中国食物成分表(中国疾控中心营养与健康所),kcal 由 kJ÷4.184 换算；站点未印 kcal
abalone,鲍鱼(干),1107,1360.0,325.0,54.1,5.6,13.7,,2316.2,中国食物成分表(中国疾控中心营养与健康所),kcal 由 kJ÷4.184 换算；站点未印 kcal
scallop_dried,扇贝(干)[干贝],1115,1121.0,267.9,55.6,2.4,5.1,,306.4,中国食物成分表(中国疾控中心营养与健康所),kcal 由 kJ÷4.184 换算；站点未印 kcal
shrimp_dried,虾米[海米，虾仁],1100,839.0,200.5,43.7,2.6,,,4891.9,中国食物成分表(中国疾控中心营养与健康所),kcal 由 kJ÷4.184 换算；站点未印 kcal
squid,乌贼(鲜)[鱿鱼，台湾枪乌贼，枪,1129,355.0,84.8,17.4,1.6,,,110.0,中国食物成分表(中国疾控中心营养与健康所),kcal 由 kJ÷4.184 换算；站点未印 kcal
tofu,豆腐(均值),333,342.0,81.7,8.1,3.7,4.2,,7.2,中国食物成分表(中国疾控中心营养与健康所),kcal 由 kJ÷4.184 换算；站点未印 kcal
tofu_skin,豆腐皮,342,1720.0,411.1,44.6,17.4,18.8,,9.4,中国食物成分表(中国疾控中心营养与健康所),kcal 由 kJ÷4.184 换算；站点未印 kcal
gluten_ball,烤麸,349,514.0,122.8,20.4,0.3,9.3,,230.0,中国食物成分表(中国疾控中心营养与健康所),kcal 由 kJ÷4.184 换算；站点未印 kcal
potato,马铃薯[土豆，洋芋],313,328.0,78.4,2.0,0.2,17.2,,2.7,中国食物成分表(中国疾控中心营养与健康所),kcal 由 kJ÷4.184 换算；站点未印 kcal
tomato,番茄[西红柿],405,86.0,20.6,0.9,0.2,4.0,,5.0,中国食物成分表(中国疾控中心营养与健康所),kcal 由 kJ÷4.184 换算；站点未印 kcal
cucumber,黄瓜[胡瓜](鲜),422,66.0,15.8,0.8,0.2,2.9,,4.9,中国食物成分表(中国疾控中心营养与健康所),kcal 由 kJ÷4.184 换算；站点未印 kcal
carrot,胡萝卜(红)[金笋，丁香萝卜],380,164.0,39.2,1.0,0.2,8.8,,71.4,中国食物成分表(中国疾控中心营养与健康所),kcal 由 kJ÷4.184 换算；站点未印 kcal
green_pepper,辣椒(青，尖),409,115.0,27.5,1.4,0.3,5.8,,2.2,中国食物成分表(中国疾控中心营养与健康所),kcal 由 kJ÷4.184 换算；站点未印 kcal
bell_pepper,甜椒[灯笼椒，柿子椒],410,104.0,24.9,1.0,0.2,5.4,,3.3,中国食物成分表(中国疾控中心营养与健康所),kcal 由 kJ÷4.184 换算；站点未印 kcal
pineapple,菠萝[凤梨，地菠萝],716,184.0,44.0,0.5,0.1,10.8,,0.8,中国食物成分表(中国疾控中心营养与健康所),kcal 由 kJ÷4.184 换算；站点未印 kcal
bamboo_shoot,竹笋(鲜),499,97.0,23.2,2.6,0.2,3.6,,0.4,中国食物成分表(中国疾控中心营养与健康所),kcal 由 kJ÷4.184 换算；站点未印 kcal
wood_ear,木耳(水发)[黑木耳，云耳],580,112.0,26.8,1.5,0.2,6.0,,8.5,中国食物成分表(中国疾控中心营养与健康所),kcal 由 kJ÷4.184 换算；站点未印 kcal
lotus_root,藕[莲藕],516,308.0,73.6,1.9,0.2,16.4,,44.2,中国食物成分表(中国疾控中心营养与健康所),kcal 由 kJ÷4.184 换算；站点未印 kcal
water_chestnut,荸荠[马蹄，地栗](鲜),520,259.0,61.9,1.2,0.2,14.2,,15.7,中国食物成分表(中国疾控中心营养与健康所),kcal 由 kJ÷4.184 换算；站点未印 kcal
garlic,大蒜[蒜头](鲜),436,543.0,129.8,4.5,0.2,27.6,,19.6,中国食物成分表(中国疾控中心营养与健康所),kcal 由 kJ÷4.184 换算；站点未印 kcal
ginger,姜[黄姜](鲜),528,195.0,46.6,1.3,0.6,10.3,,14.9,中国食物成分表(中国疾控中心营养与健康所),kcal 由 kJ÷4.184 换算；站点未印 kcal
scallion,大葱,441,139.0,33.2,1.7,0.3,6.5,,4.8,中国食物成分表(中国疾控中心营养与健康所),kcal 由 kJ÷4.184 换算；站点未印 kcal
cilantro,香菜[芫荽](鲜),485,140.0,33.5,1.8,0.4,6.2,,48.5,中国食物成分表(中国疾控中心营养与健康所),kcal 由 kJ÷4.184 换算；站点未印 kcal
peanut,花生仁(炒),764,2447.0,584.8,23.9,44.4,25.7,,445.1,中国食物成分表(中国疾控中心营养与健康所),kcal 由 kJ÷4.184 换算；站点未印 kcal
sesame,芝麻籽(白),773,2225.0,531.8,18.4,39.6,31.5,,32.2,中国食物成分表(中国疾控中心营养与健康所),kcal 由 kJ÷4.184 换算；站点未印 kcal
walnut,核桃(干)[胡桃],743,2668.0,637.7,14.9,58.8,19.1,,6.4,中国食物成分表(中国疾控中心营养与健康所),kcal 由 kJ÷4.184 换算；站点未印 kcal
cooking_oil,豆油,1497,3696.0,883.4,,99.9,0.0,,4.9,中国食物成分表(中国疾控中心营养与健康所),kcal 由 kJ÷4.184 换算；站点未印 kcal
sesame_oil,芝麻油[香油],1508,3692.0,882.4,,99.7,0.2,,1.1,中国食物成分表(中国疾控中心营养与健康所),kcal 由 kJ÷4.184 换算；站点未印 kcal
chili_oil,油（辣椒油),1502,3700.0,884.3,,100.0,0.0,,,中国食物成分表(中国疾控中心营养与健康所),kcal 由 kJ÷4.184 换算；站点未印 kcal
soy_sauce,酱油(均值),1518,269.0,64.3,5.6,0.1,10.1,,5757.0,中国食物成分表(中国疾控中心营养与健康所),kcal 由 kJ÷4.184 换算；站点未印 kcal
sugar,糖（白砂糖）,1448,1698.0,405.8,,,99.9,,0.4,中国食物成分表(中国疾控中心营养与健康所),kcal 由 kJ÷4.184 换算；站点未印 kcal
starch,玉米淀粉,320,1468.0,350.9,1.2,0.1,85.0,,6.3,中国食物成分表(中国疾控中心营养与健康所),kcal 由 kJ÷4.184 换算；站点未印 kcal
vinegar,醋(均值),1520,130.0,31.1,2.1,0.3,4.9,,262.1,中国食物成分表(中国疾控中心营养与健康所),kcal 由 kJ÷4.184 换算；站点未印 kcal
salt,精盐,1565,0.0,,,,0.0,,39311.0,中国食物成分表(中国疾控中心营养与健康所),kcal 由 kJ÷4.184 换算；站点未印 kcal
cooking_wine,黄酒,1421,173.0,41.3,1.6,,8.6,,5.2,中国食物成分表(中国疾控中心营养与健康所),kcal 由 kJ÷4.184 换算；站点未印 kcal
doubanjiang,豆瓣酱,1523,760.0,181.6,13.6,6.8,17.1,,6012.0,中国食物成分表(中国疾控中心营养与健康所),kcal 由 kJ÷4.184 换算；站点未印 kcal
sweet_bean_sauce,甜面酱,1527,588.0,140.5,5.5,0.6,28.5,,2097.2,中国食物成分表(中国疾控中心营养与健康所),kcal 由 kJ÷4.184 换算；站点未印 kcal
chicken_essence,鸡精,1567,832.0,198.9,10.7,2.8,32.5,,18864.4,中国食物成分表(中国疾控中心营养与健康所),kcal 由 kJ÷4.184 换算；站点未印 kcal
flour,小麦粉(标准粉),259,1478.0,353.3,11.2,1.5,73.6,,3.1,中国食物成分表(中国疾控中心营养与健康所),kcal 由 kJ÷4.184 换算；站点未印 kcal
rice,米饭(蒸)(均值),287,493.0,117.8,2.6,0.3,25.9,,2.5,中国食物成分表(中国疾控中心营养与健康所),kcal 由 kJ÷4.184 换算；站点未印 kcal
yeast,酵母(干),1569,1575.0,376.4,47.6,1.7,45.5,,,中国食物成分表(中国疾控中心营养与健康所),kcal 由 kJ÷4.184 换算；站点未印 kcal
fried_rice,什锦炒饭,1314,779.0,186.2,5.0,5.6,29.7,,220.0,中国食物成分表(中国疾控中心营养与健康所),kcal 由 kJ÷4.184 换算；站点未印 kcal
dumpling,水饺(猪肉白菜馅),1330,940.0,224.7,7.5,10.8,26.0,,383.2,中国食物成分表(中国疾控中心营养与健康所),kcal 由 kJ÷4.184 换算；站点未印 kcal
